,Country,Variable,Year,Unit,Value
0,Latvia,Mortality from exposure to ambient PM2.5,1990,Per 1 000 000 inhabitants,993.94
1,Latvia,Mortality from exposure to ambient PM2.5,1991,Per 1 000 000 inhabitants,1009.85
2,Latvia,Mortality from exposure to ambient PM2.5,1992,Per 1 000 000 inhabitants,1048.59
3,Latvia,Mortality from exposure to ambient PM2.5,1993,Per 1 000 000 inhabitants,1181.37
4,Latvia,Mortality from exposure to ambient PM2.5,1994,Per 1 000 000 inhabitants,1278.66
5,Latvia,Mortality from exposure to ambient PM2.5,1995,Per 1 000 000 inhabitants,1192.72
6,Latvia,Mortality from exposure to ambient PM2.5,1996,Per 1 000 000 inhabitants,1022.56
7,Latvia,Mortality from exposure to ambient PM2.5,1997,Per 1 000 000 inhabitants,968.07
8,Latvia,Mortality from exposure to ambient PM2.5,1998,Per 1 000 000 inhabitants,984.47
9,Latvia,Mortality from exposure to ambient PM2.5,1999,Per 1 000 000 inhabitants,918.62
10,Latvia,Mortality from exposure to ambient PM2.5,2000,Per 1 000 000 inhabitants,888.39
11,Latvia,Mortality from exposure to ambient PM2.5,2001,Per 1 000 000 inhabitants,937.02
12,Latvia,Mortality from exposure to ambient PM2.5,2002,Per 1 000 000 inhabitants,929.93
13,Latvia,Mortality from exposure to ambient PM2.5,2003,Per 1 000 000 inhabitants,925.71
14,Latvia,Mortality from exposure to ambient PM2.5,2004,Per 1 000 000 inhabitants,921.06
15,Latvia,Mortality from exposure to ambient PM2.5,2005,Per 1 000 000 inhabitants,958.4
16,Latvia,Mortality from exposure to ambient PM2.5,2006,Per 1 000 000 inhabitants,1011.48
17,Latvia,Mortality from exposure to ambient PM2.5,2007,Per 1 000 000 inhabitants,1005.82
18,Latvia,Mortality from exposure to ambient PM2.5,2008,Per 1 000 000 inhabitants,952.9
19,Latvia,Mortality from exposure to ambient PM2.5,2009,Per 1 000 000 inhabitants,928.0
20,Latvia,Mortality from exposure to ambient PM2.5,2010,Per 1 000 000 inhabitants,923.9
21,Latvia,Mortality from exposure to ambient PM2.5,2011,Per 1 000 000 inhabitants,887.61
22,Latvia,Mortality from exposure to ambient PM2.5,2012,Per 1 000 000 inhabitants,842.57
23,Latvia,Mortality from exposure to ambient PM2.5,2013,Per 1 000 000 inhabitants,805.97
24,Latvia,Mortality from exposure to ambient PM2.5,2014,Per 1 000 000 inhabitants,732.21
25,Latvia,Mortality from exposure to ambient PM2.5,2015,Per 1 000 000 inhabitants,670.69
26,Latvia,Mortality from exposure to ambient PM2.5,2016,Per 1 000 000 inhabitants,593.09
27,Latvia,Mortality from exposure to ambient PM2.5,2017,Per 1 000 000 inhabitants,555.92
28,Latvia,Mortality from exposure to ambient PM2.5,2018,Per 1 000 000 inhabitants,566.87
29,Latvia,Mortality from exposure to ambient PM2.5,2019,Per 1 000 000 inhabitants,586.19
60,Finland,Mortality from exposure to ambient PM2.5,1990,Per 1 000 000 inhabitants,269.21
61,Finland,Mortality from exposure to ambient PM2.5,1991,Per 1 000 000 inhabitants,256.36
62,Finland,Mortality from exposure to ambient PM2.5,1992,Per 1 000 000 inhabitants,247.77
63,Finland,Mortality from exposure to ambient PM2.5,1993,Per 1 000 000 inhabitants,237.33
64,Finland,Mortality from exposure to ambient PM2.5,1994,Per 1 000 000 inhabitants,219.79
65,Finland,Mortality from exposure to ambient PM2.5,1995,Per 1 000 000 inhabitants,212.92
66,Finland,Mortality from exposure to ambient PM2.5,1996,Per 1 000 000 inhabitants,204.03
67,Finland,Mortality from exposure to ambient PM2.5,1997,Per 1 000 000 inhabitants,195.59
68,Finland,Mortality from exposure to ambient PM2.5,1998,Per 1 000 000 inhabitants,186.18
69,Finland,Mortality from exposure to ambient PM2.5,1999,Per 1 000 000 inhabitants,177.2
70,Finland,Mortality from exposure to ambient PM2.5,2000,Per 1 000 000 inhabitants,169.57
71,Finland,Mortality from exposure to ambient PM2.5,2001,Per 1 000 000 inhabitants,160.87
72,Finland,Mortality from exposure to ambient PM2.5,2002,Per 1 000 000 inhabitants,154.55
73,Finland,Mortality from exposure to ambient PM2.5,2003,Per 1 000 000 inhabitants,147.34
74,Finland,Mortality from exposure to ambient PM2.5,2004,Per 1 000 000 inhabitants,140.06
75,Finland,Mortality from exposure to ambient PM2.5,2005,Per 1 000 000 inhabitants,135.09
76,Finland,Mortality from exposure to ambient PM2.5,2006,Per 1 000 000 inhabitants,131.92
77,Finland,Mortality from exposure to ambient PM2.5,2007,Per 1 000 000 inhabitants,131.86
78,Finland,Mortality from exposure to ambient PM2.5,2008,Per 1 000 000 inhabitants,131.27
79,Finland,Mortality from exposure to ambient PM2.5,2009,Per 1 000 000 inhabitants,131.29
80,Finland,Mortality from exposure to ambient PM2.5,2010,Per 1 000 000 inhabitants,130.49
81,Finland,Mortality from exposure to ambient PM2.5,2011,Per 1 000 000 inhabitants,123.06
82,Finland,Mortality from exposure to ambient PM2.5,2012,Per 1 000 000 inhabitants,109.99
83,Finland,Mortality from exposure to ambient PM2.5,2013,Per 1 000 000 inhabitants,94.03
84,Finland,Mortality from exposure to ambient PM2.5,2014,Per 1 000 000 inhabitants,78.6
85,Finland,Mortality from exposure to ambient PM2.5,2015,Per 1 000 000 inhabitants,67.3
86,Finland,Mortality from exposure to ambient PM2.5,2016,Per 1 000 000 inhabitants,60.03
87,Finland,Mortality from exposure to ambient PM2.5,2017,Per 1 000 000 inhabitants,56.84
88,Finland,Mortality from exposure to ambient PM2.5,2018,Per 1 000 000 inhabitants,60.25
89,Finland,Mortality from exposure to ambient PM2.5,2019,Per 1 000 000 inhabitants,69.65
150,Netherlands,Mortality from exposure to ambient PM2.5,1990,Per 1 000 000 inhabitants,573.83
151,Netherlands,Mortality from exposure to ambient PM2.5,1991,Per 1 000 000 inhabitants,561.75
152,Netherlands,Mortality from exposure to ambient PM2.5,1992,Per 1 000 000 inhabitants,552.41
153,Netherlands,Mortality from exposure to ambient PM2.5,1993,Per 1 000 000 inhabitants,556.07
154,Netherlands,Mortality from exposure to ambient PM2.5,1994,Per 1 000 000 inhabitants,538.07
155,Netherlands,Mortality from exposure to ambient PM2.5,1995,Per 1 000 000 inhabitants,530.67
156,Netherlands,Mortality from exposure to ambient PM2.5,1996,Per 1 000 000 inhabitants,522.36
157,Netherlands,Mortality from exposure to ambient PM2.5,1997,Per 1 000 000 inhabitants,505.56
158,Netherlands,Mortality from exposure to ambient PM2.5,1998,Per 1 000 000 inhabitants,493.74
159,Netherlands,Mortality from exposure to ambient PM2.5,1999,Per 1 000 000 inhabitants,485.0
160,Netherlands,Mortality from exposure to ambient PM2.5,2000,Per 1 000 000 inhabitants,470.71
161,Netherlands,Mortality from exposure to ambient PM2.5,2001,Per 1 000 000 inhabitants,452.51
162,Netherlands,Mortality from exposure to ambient PM2.5,2002,Per 1 000 000 inhabitants,436.36
163,Netherlands,Mortality from exposure to ambient PM2.5,2003,Per 1 000 000 inhabitants,417.18
164,Netherlands,Mortality from exposure to ambient PM2.5,2004,Per 1 000 000 inhabitants,390.03
165,Netherlands,Mortality from exposure to ambient PM2.5,2005,Per 1 000 000 inhabitants,374.05
166,Netherlands,Mortality from exposure to ambient PM2.5,2006,Per 1 000 000 inhabitants,362.15
167,Netherlands,Mortality from exposure to ambient PM2.5,2007,Per 1 000 000 inhabitants,353.25
168,Netherlands,Mortality from exposure to ambient PM2.5,2008,Per 1 000 000 inhabitants,350.95
169,Netherlands,Mortality from exposure to ambient PM2.5,2009,Per 1 000 000 inhabitants,347.44
170,Netherlands,Mortality from exposure to ambient PM2.5,2010,Per 1 000 000 inhabitants,343.41
171,Netherlands,Mortality from exposure to ambient PM2.5,2011,Per 1 000 000 inhabitants,331.21
172,Netherlands,Mortality from exposure to ambient PM2.5,2012,Per 1 000 000 inhabitants,314.64
173,Netherlands,Mortality from exposure to ambient PM2.5,2013,Per 1 000 000 inhabitants,291.12
174,Netherlands,Mortality from exposure to ambient PM2.5,2014,Per 1 000 000 inhabitants,268.63
175,Netherlands,Mortality from exposure to ambient PM2.5,2015,Per 1 000 000 inhabitants,263.41
176,Netherlands,Mortality from exposure to ambient PM2.5,2016,Per 1 000 000 inhabitants,264.05
177,Netherlands,Mortality from exposure to ambient PM2.5,2017,Per 1 000 000 inhabitants,266.8
178,Netherlands,Mortality from exposure to ambient PM2.5,2018,Per 1 000 000 inhabitants,267.69
179,Netherlands,Mortality from exposure to ambient PM2.5,2019,Per 1 000 000 inhabitants,267.26
270,Sweden,Mortality from exposure to ambient PM2.5,1990,Per 1 000 000 inhabitants,314.52
271,Sweden,Mortality from exposure to ambient PM2.5,1991,Per 1 000 000 inhabitants,300.8
272,Sweden,Mortality from exposure to ambient PM2.5,1992,Per 1 000 000 inhabitants,284.87
273,Sweden,Mortality from exposure to ambient PM2.5,1993,Per 1 000 000 inhabitants,272.66
274,Sweden,Mortality from exposure to ambient PM2.5,1994,Per 1 000 000 inhabitants,253.33
275,Sweden,Mortality from exposure to ambient PM2.5,1995,Per 1 000 000 inhabitants,245.67
276,Sweden,Mortality from exposure to ambient PM2.5,1996,Per 1 000 000 inhabitants,239.61
277,Sweden,Mortality from exposure to ambient PM2.5,1997,Per 1 000 000 inhabitants,233.15
278,Sweden,Mortality from exposure to ambient PM2.5,1998,Per 1 000 000 inhabitants,228.01
279,Sweden,Mortality from exposure to ambient PM2.5,1999,Per 1 000 000 inhabitants,223.28
280,Sweden,Mortality from exposure to ambient PM2.5,2000,Per 1 000 000 inhabitants,215.01
281,Sweden,Mortality from exposure to ambient PM2.5,2001,Per 1 000 000 inhabitants,203.77
282,Sweden,Mortality from exposure to ambient PM2.5,2002,Per 1 000 000 inhabitants,188.84
283,Sweden,Mortality from exposure to ambient PM2.5,2003,Per 1 000 000 inhabitants,170.4
284,Sweden,Mortality from exposure to ambient PM2.5,2004,Per 1 000 000 inhabitants,156.2
285,Sweden,Mortality from exposure to ambient PM2.5,2005,Per 1 000 000 inhabitants,147.06
286,Sweden,Mortality from exposure to ambient PM2.5,2006,Per 1 000 000 inhabitants,144.25
287,Sweden,Mortality from exposure to ambient PM2.5,2007,Per 1 000 000 inhabitants,142.35
288,Sweden,Mortality from exposure to ambient PM2.5,2008,Per 1 000 000 inhabitants,140.07
289,Sweden,Mortality from exposure to ambient PM2.5,2009,Per 1 000 000 inhabitants,138.05
290,Sweden,Mortality from exposure to ambient PM2.5,2010,Per 1 000 000 inhabitants,134.56
291,Sweden,Mortality from exposure to ambient PM2.5,2011,Per 1 000 000 inhabitants,126.77
292,Sweden,Mortality from exposure to ambient PM2.5,2012,Per 1 000 000 inhabitants,111.62
293,Sweden,Mortality from exposure to ambient PM2.5,2013,Per 1 000 000 inhabitants,94.09
294,Sweden,Mortality from exposure to ambient PM2.5,2014,Per 1 000 000 inhabitants,78.9
295,Sweden,Mortality from exposure to ambient PM2.5,2015,Per 1 000 000 inhabitants,71.0
296,Sweden,Mortality from exposure to ambient PM2.5,2016,Per 1 000 000 inhabitants,68.05
297,Sweden,Mortality from exposure to ambient PM2.5,2017,Per 1 000 000 inhabitants,66.44
298,Sweden,Mortality from exposure to ambient PM2.5,2018,Per 1 000 000 inhabitants,65.77
299,Sweden,Mortality from exposure to ambient PM2.5,2019,Per 1 000 000 inhabitants,64.64
300,Slovenia,Mortality from exposure to ambient PM2.5,1990,Per 1 000 000 inhabitants,651.16
301,Slovenia,Mortality from exposure to ambient PM2.5,1991,Per 1 000 000 inhabitants,661.86
302,Slovenia,Mortality from exposure to ambient PM2.5,1992,Per 1 000 000 inhabitants,668.16
303,Slovenia,Mortality from exposure to ambient PM2.5,1993,Per 1 000 000 inhabitants,674.63
304,Slovenia,Mortality from exposure to ambient PM2.5,1994,Per 1 000 000 inhabitants,677.39
305,Slovenia,Mortality from exposure to ambient PM2.5,1995,Per 1 000 000 inhabitants,676.63
306,Slovenia,Mortality from exposure to ambient PM2.5,1996,Per 1 000 000 inhabitants,670.8
307,Slovenia,Mortality from exposure to ambient PM2.5,1997,Per 1 000 000 inhabitants,660.04
308,Slovenia,Mortality from exposure to ambient PM2.5,1998,Per 1 000 000 inhabitants,642.52
309,Slovenia,Mortality from exposure to ambient PM2.5,1999,Per 1 000 000 inhabitants,613.95
310,Slovenia,Mortality from exposure to ambient PM2.5,2000,Per 1 000 000 inhabitants,582.25
311,Slovenia,Mortality from exposure to ambient PM2.5,2001,Per 1 000 000 inhabitants,580.61
312,Slovenia,Mortality from exposure to ambient PM2.5,2002,Per 1 000 000 inhabitants,554.13
313,Slovenia,Mortality from exposure to ambient PM2.5,2003,Per 1 000 000 inhabitants,549.13
314,Slovenia,Mortality from exposure to ambient PM2.5,2004,Per 1 000 000 inhabitants,530.42
315,Slovenia,Mortality from exposure to ambient PM2.5,2005,Per 1 000 000 inhabitants,497.64
316,Slovenia,Mortality from exposure to ambient PM2.5,2006,Per 1 000 000 inhabitants,482.61
317,Slovenia,Mortality from exposure to ambient PM2.5,2007,Per 1 000 000 inhabitants,465.97
318,Slovenia,Mortality from exposure to ambient PM2.5,2008,Per 1 000 000 inhabitants,445.15
319,Slovenia,Mortality from exposure to ambient PM2.5,2009,Per 1 000 000 inhabitants,430.87
320,Slovenia,Mortality from exposure to ambient PM2.5,2010,Per 1 000 000 inhabitants,422.16
321,Slovenia,Mortality from exposure to ambient PM2.5,2011,Per 1 000 000 inhabitants,414.22
322,Slovenia,Mortality from exposure to ambient PM2.5,2012,Per 1 000 000 inhabitants,414.9
323,Slovenia,Mortality from exposure to ambient PM2.5,2013,Per 1 000 000 inhabitants,404.04
324,Slovenia,Mortality from exposure to ambient PM2.5,2014,Per 1 000 000 inhabitants,376.96
325,Slovenia,Mortality from exposure to ambient PM2.5,2015,Per 1 000 000 inhabitants,390.73
326,Slovenia,Mortality from exposure to ambient PM2.5,2016,Per 1 000 000 inhabitants,375.43
327,Slovenia,Mortality from exposure to ambient PM2.5,2017,Per 1 000 000 inhabitants,374.77
328,Slovenia,Mortality from exposure to ambient PM2.5,2018,Per 1 000 000 inhabitants,383.49
329,Slovenia,Mortality from exposure to ambient PM2.5,2019,Per 1 000 000 inhabitants,396.1
480,Austria,Mortality from exposure to ambient PM2.5,1990,Per 1 000 000 inhabitants,675.49
481,Austria,Mortality from exposure to ambient PM2.5,1991,Per 1 000 000 inhabitants,668.54
482,Austria,Mortality from exposure to ambient PM2.5,1992,Per 1 000 000 inhabitants,654.39
483,Austria,Mortality from exposure to ambient PM2.5,1993,Per 1 000 000 inhabitants,636.99
484,Austria,Mortality from exposure to ambient PM2.5,1994,Per 1 000 000 inhabitants,614.79
485,Austria,Mortality from exposure to ambient PM2.5,1995,Per 1 000 000 inhabitants,604.41
486,Austria,Mortality from exposure to ambient PM2.5,1996,Per 1 000 000 inhabitants,591.87
487,Austria,Mortality from exposure to ambient PM2.5,1997,Per 1 000 000 inhabitants,563.64
488,Austria,Mortality from exposure to ambient PM2.5,1998,Per 1 000 000 inhabitants,538.15
489,Austria,Mortality from exposure to ambient PM2.5,1999,Per 1 000 000 inhabitants,513.5
490,Austria,Mortality from exposure to ambient PM2.5,2000,Per 1 000 000 inhabitants,490.17
491,Austria,Mortality from exposure to ambient PM2.5,2001,Per 1 000 000 inhabitants,466.12
492,Austria,Mortality from exposure to ambient PM2.5,2002,Per 1 000 000 inhabitants,456.73
493,Austria,Mortality from exposure to ambient PM2.5,2003,Per 1 000 000 inhabitants,447.11
494,Austria,Mortality from exposure to ambient PM2.5,2004,Per 1 000 000 inhabitants,428.94
495,Austria,Mortality from exposure to ambient PM2.5,2005,Per 1 000 000 inhabitants,420.39
496,Austria,Mortality from exposure to ambient PM2.5,2006,Per 1 000 000 inhabitants,405.49
497,Austria,Mortality from exposure to ambient PM2.5,2007,Per 1 000 000 inhabitants,397.96
498,Austria,Mortality from exposure to ambient PM2.5,2008,Per 1 000 000 inhabitants,388.26
499,Austria,Mortality from exposure to ambient PM2.5,2009,Per 1 000 000 inhabitants,386.19
500,Austria,Mortality from exposure to ambient PM2.5,2010,Per 1 000 000 inhabitants,376.43
501,Austria,Mortality from exposure to ambient PM2.5,2011,Per 1 000 000 inhabitants,364.81
502,Austria,Mortality from exposure to ambient PM2.5,2012,Per 1 000 000 inhabitants,353.11
503,Austria,Mortality from exposure to ambient PM2.5,2013,Per 1 000 000 inhabitants,337.16
504,Austria,Mortality from exposure to ambient PM2.5,2014,Per 1 000 000 inhabitants,319.85
505,Austria,Mortality from exposure to ambient PM2.5,2015,Per 1 000 000 inhabitants,307.62
506,Austria,Mortality from exposure to ambient PM2.5,2016,Per 1 000 000 inhabitants,279.3
507,Austria,Mortality from exposure to ambient PM2.5,2017,Per 1 000 000 inhabitants,259.62
508,Austria,Mortality from exposure to ambient PM2.5,2018,Per 1 000 000 inhabitants,259.98
509,Austria,Mortality from exposure to ambient PM2.5,2019,Per 1 000 000 inhabitants,267.22
630,Italy,Mortality from exposure to ambient PM2.5,1990,Per 1 000 000 inhabitants,700.68
631,Italy,Mortality from exposure to ambient PM2.5,1991,Per 1 000 000 inhabitants,697.77
632,Italy,Mortality from exposure to ambient PM2.5,1992,Per 1 000 000 inhabitants,680.25
633,Italy,Mortality from exposure to ambient PM2.5,1993,Per 1 000 000 inhabitants,669.56
634,Italy,Mortality from exposure to ambient PM2.5,1994,Per 1 000 000 inhabitants,662.54
635,Italy,Mortality from exposure to ambient PM2.5,1995,Per 1 000 000 inhabitants,653.93
636,Italy,Mortality from exposure to ambient PM2.5,1996,Per 1 000 000 inhabitants,648.74
637,Italy,Mortality from exposure to ambient PM2.5,1997,Per 1 000 000 inhabitants,647.0
638,Italy,Mortality from exposure to ambient PM2.5,1998,Per 1 000 000 inhabitants,653.05
639,Italy,Mortality from exposure to ambient PM2.5,1999,Per 1 000 000 inhabitants,643.07
640,Italy,Mortality from exposure to ambient PM2.5,2000,Per 1 000 000 inhabitants,626.68
641,Italy,Mortality from exposure to ambient PM2.5,2001,Per 1 000 000 inhabitants,609.29
642,Italy,Mortality from exposure to ambient PM2.5,2002,Per 1 000 000 inhabitants,594.65
643,Italy,Mortality from exposure to ambient PM2.5,2003,Per 1 000 000 inhabitants,585.14
644,Italy,Mortality from exposure to ambient PM2.5,2004,Per 1 000 000 inhabitants,545.32
645,Italy,Mortality from exposure to ambient PM2.5,2005,Per 1 000 000 inhabitants,532.0
646,Italy,Mortality from exposure to ambient PM2.5,2006,Per 1 000 000 inhabitants,521.23
647,Italy,Mortality from exposure to ambient PM2.5,2007,Per 1 000 000 inhabitants,515.79
648,Italy,Mortality from exposure to ambient PM2.5,2008,Per 1 000 000 inhabitants,512.17
649,Italy,Mortality from exposure to ambient PM2.5,2009,Per 1 000 000 inhabitants,505.91
650,Italy,Mortality from exposure to ambient PM2.5,2010,Per 1 000 000 inhabitants,491.44
651,Italy,Mortality from exposure to ambient PM2.5,2011,Per 1 000 000 inhabitants,486.39
652,Italy,Mortality from exposure to ambient PM2.5,2012,Per 1 000 000 inhabitants,477.56
653,Italy,Mortality from exposure to ambient PM2.5,2013,Per 1 000 000 inhabitants,458.48
654,Italy,Mortality from exposure to ambient PM2.5,2014,Per 1 000 000 inhabitants,442.56
655,Italy,Mortality from exposure to ambient PM2.5,2015,Per 1 000 000 inhabitants,441.97
656,Italy,Mortality from exposure to ambient PM2.5,2016,Per 1 000 000 inhabitants,406.59
657,Italy,Mortality from exposure to ambient PM2.5,2017,Per 1 000 000 inhabitants,391.08
658,Italy,Mortality from exposure to ambient PM2.5,2018,Per 1 000 000 inhabitants,399.27
659,Italy,Mortality from exposure to ambient PM2.5,2019,Per 1 000 000 inhabitants,407.81
720,Germany,Mortality from exposure to ambient PM2.5,1990,Per 1 000 000 inhabitants,800.1
721,Germany,Mortality from exposure to ambient PM2.5,1991,Per 1 000 000 inhabitants,767.17
722,Germany,Mortality from exposure to ambient PM2.5,1992,Per 1 000 000 inhabitants,729.32
723,Germany,Mortality from exposure to ambient PM2.5,1993,Per 1 000 000 inhabitants,705.82
724,Germany,Mortality from exposure to ambient PM2.5,1994,Per 1 000 000 inhabitants,679.62
725,Germany,Mortality from exposure to ambient PM2.5,1995,Per 1 000 000 inhabitants,655.09
726,Germany,Mortality from exposure to ambient PM2.5,1996,Per 1 000 000 inhabitants,627.88
727,Germany,Mortality from exposure to ambient PM2.5,1997,Per 1 000 000 inhabitants,592.25
728,Germany,Mortality from exposure to ambient PM2.5,1998,Per 1 000 000 inhabitants,558.26
729,Germany,Mortality from exposure to ambient PM2.5,1999,Per 1 000 000 inhabitants,531.59
730,Germany,Mortality from exposure to ambient PM2.5,2000,Per 1 000 000 inhabitants,504.87
731,Germany,Mortality from exposure to ambient PM2.5,2001,Per 1 000 000 inhabitants,481.73
732,Germany,Mortality from exposure to ambient PM2.5,2002,Per 1 000 000 inhabitants,468.11
733,Germany,Mortality from exposure to ambient PM2.5,2003,Per 1 000 000 inhabitants,453.76
734,Germany,Mortality from exposure to ambient PM2.5,2004,Per 1 000 000 inhabitants,431.23
735,Germany,Mortality from exposure to ambient PM2.5,2005,Per 1 000 000 inhabitants,421.93
736,Germany,Mortality from exposure to ambient PM2.5,2006,Per 1 000 000 inhabitants,418.98
737,Germany,Mortality from exposure to ambient PM2.5,2007,Per 1 000 000 inhabitants,424.43
738,Germany,Mortality from exposure to ambient PM2.5,2008,Per 1 000 000 inhabitants,434.32
739,Germany,Mortality from exposure to ambient PM2.5,2009,Per 1 000 000 inhabitants,445.24
740,Germany,Mortality from exposure to ambient PM2.5,2010,Per 1 000 000 inhabitants,446.83
741,Germany,Mortality from exposure to ambient PM2.5,2011,Per 1 000 000 inhabitants,432.4
742,Germany,Mortality from exposure to ambient PM2.5,2012,Per 1 000 000 inhabitants,412.48
743,Germany,Mortality from exposure to ambient PM2.5,2013,Per 1 000 000 inhabitants,390.57
744,Germany,Mortality from exposure to ambient PM2.5,2014,Per 1 000 000 inhabitants,359.64
745,Germany,Mortality from exposure to ambient PM2.5,2015,Per 1 000 000 inhabitants,348.94
746,Germany,Mortality from exposure to ambient PM2.5,2016,Per 1 000 000 inhabitants,330.95
747,Germany,Mortality from exposure to ambient PM2.5,2017,Per 1 000 000 inhabitants,319.86
748,Germany,Mortality from exposure to ambient PM2.5,2018,Per 1 000 000 inhabitants,320.44
749,Germany,Mortality from exposure to ambient PM2.5,2019,Per 1 000 000 inhabitants,324.29
990,Portugal,Mortality from exposure to ambient PM2.5,1990,Per 1 000 000 inhabitants,391.37
991,Portugal,Mortality from exposure to ambient PM2.5,1991,Per 1 000 000 inhabitants,390.4
992,Portugal,Mortality from exposure to ambient PM2.5,1992,Per 1 000 000 inhabitants,380.84
993,Portugal,Mortality from exposure to ambient PM2.5,1993,Per 1 000 000 inhabitants,381.86
994,Portugal,Mortality from exposure to ambient PM2.5,1994,Per 1 000 000 inhabitants,366.65
995,Portugal,Mortality from exposure to ambient PM2.5,1995,Per 1 000 000 inhabitants,369.35
996,Portugal,Mortality from exposure to ambient PM2.5,1996,Per 1 000 000 inhabitants,375.68
997,Portugal,Mortality from exposure to ambient PM2.5,1997,Per 1 000 000 inhabitants,376.74
998,Portugal,Mortality from exposure to ambient PM2.5,1998,Per 1 000 000 inhabitants,383.06
999,Portugal,Mortality from exposure to ambient PM2.5,1999,Per 1 000 000 inhabitants,389.02
1000,Portugal,Mortality from exposure to ambient PM2.5,2000,Per 1 000 000 inhabitants,380.58
1001,Portugal,Mortality from exposure to ambient PM2.5,2001,Per 1 000 000 inhabitants,371.18
1002,Portugal,Mortality from exposure to ambient PM2.5,2002,Per 1 000 000 inhabitants,362.46
1003,Portugal,Mortality from exposure to ambient PM2.5,2003,Per 1 000 000 inhabitants,350.91
1004,Portugal,Mortality from exposure to ambient PM2.5,2004,Per 1 000 000 inhabitants,326.29
1005,Portugal,Mortality from exposure to ambient PM2.5,2005,Per 1 000 000 inhabitants,312.6
1006,Portugal,Mortality from exposure to ambient PM2.5,2006,Per 1 000 000 inhabitants,297.14
1007,Portugal,Mortality from exposure to ambient PM2.5,2007,Per 1 000 000 inhabitants,285.99
1008,Portugal,Mortality from exposure to ambient PM2.5,2008,Per 1 000 000 inhabitants,273.62
1009,Portugal,Mortality from exposure to ambient PM2.5,2009,Per 1 000 000 inhabitants,262.71
1010,Portugal,Mortality from exposure to ambient PM2.5,2010,Per 1 000 000 inhabitants,251.17
1011,Portugal,Mortality from exposure to ambient PM2.5,2011,Per 1 000 000 inhabitants,241.47
1012,Portugal,Mortality from exposure to ambient PM2.5,2012,Per 1 000 000 inhabitants,234.28
1013,Portugal,Mortality from exposure to ambient PM2.5,2013,Per 1 000 000 inhabitants,225.71
1014,Portugal,Mortality from exposure to ambient PM2.5,2014,Per 1 000 000 inhabitants,217.12
1015,Portugal,Mortality from exposure to ambient PM2.5,2015,Per 1 000 000 inhabitants,210.64
1016,Portugal,Mortality from exposure to ambient PM2.5,2016,Per 1 000 000 inhabitants,206.85
1017,Portugal,Mortality from exposure to ambient PM2.5,2017,Per 1 000 000 inhabitants,204.47
1018,Portugal,Mortality from exposure to ambient PM2.5,2018,Per 1 000 000 inhabitants,203.1
1019,Portugal,Mortality from exposure to ambient PM2.5,2019,Per 1 000 000 inhabitants,203.88
1020,Romania,Mortality from exposure to ambient PM2.5,1990,Per 1 000 000 inhabitants,760.07
1021,Romania,Mortality from exposure to ambient PM2.5,1991,Per 1 000 000 inhabitants,777.03
1022,Romania,Mortality from exposure to ambient PM2.5,1992,Per 1 000 000 inhabitants,831.02
1023,Romania,Mortality from exposure to ambient PM2.5,1993,Per 1 000 000 inhabitants,850.24
1024,Romania,Mortality from exposure to ambient PM2.5,1994,Per 1 000 000 inhabitants,871.19
1025,Romania,Mortality from exposure to ambient PM2.5,1995,Per 1 000 000 inhabitants,913.67
1026,Romania,Mortality from exposure to ambient PM2.5,1996,Per 1 000 000 inhabitants,961.48
1027,Romania,Mortality from exposure to ambient PM2.5,1997,Per 1 000 000 inhabitants,962.59
1028,Romania,Mortality from exposure to ambient PM2.5,1998,Per 1 000 000 inhabitants,922.95
1029,Romania,Mortality from exposure to ambient PM2.5,1999,Per 1 000 000 inhabitants,877.92
1030,Romania,Mortality from exposure to ambient PM2.5,2000,Per 1 000 000 inhabitants,853.81
1031,Romania,Mortality from exposure to ambient PM2.5,2001,Per 1 000 000 inhabitants,872.81
1032,Romania,Mortality from exposure to ambient PM2.5,2002,Per 1 000 000 inhabitants,891.95
1033,Romania,Mortality from exposure to ambient PM2.5,2003,Per 1 000 000 inhabitants,885.84
1034,Romania,Mortality from exposure to ambient PM2.5,2004,Per 1 000 000 inhabitants,856.6
1035,Romania,Mortality from exposure to ambient PM2.5,2005,Per 1 000 000 inhabitants,857.42
1036,Romania,Mortality from exposure to ambient PM2.5,2006,Per 1 000 000 inhabitants,842.69
1037,Romania,Mortality from exposure to ambient PM2.5,2007,Per 1 000 000 inhabitants,828.94
1038,Romania,Mortality from exposure to ambient PM2.5,2008,Per 1 000 000 inhabitants,843.24
1039,Romania,Mortality from exposure to ambient PM2.5,2009,Per 1 000 000 inhabitants,857.33
1040,Romania,Mortality from exposure to ambient PM2.5,2010,Per 1 000 000 inhabitants,859.46
1041,Romania,Mortality from exposure to ambient PM2.5,2011,Per 1 000 000 inhabitants,809.6
1042,Romania,Mortality from exposure to ambient PM2.5,2012,Per 1 000 000 inhabitants,797.94
1043,Romania,Mortality from exposure to ambient PM2.5,2013,Per 1 000 000 inhabitants,746.6
1044,Romania,Mortality from exposure to ambient PM2.5,2014,Per 1 000 000 inhabitants,750.19
1045,Romania,Mortality from exposure to ambient PM2.5,2015,Per 1 000 000 inhabitants,734.97
1046,Romania,Mortality from exposure to ambient PM2.5,2016,Per 1 000 000 inhabitants,728.89
1047,Romania,Mortality from exposure to ambient PM2.5,2017,Per 1 000 000 inhabitants,731.0
1048,Romania,Mortality from exposure to ambient PM2.5,2018,Per 1 000 000 inhabitants,740.93
1049,Romania,Mortality from exposure to ambient PM2.5,2019,Per 1 000 000 inhabitants,752.33
1110,Lithuania,Mortality from exposure to ambient PM2.5,1990,Per 1 000 000 inhabitants,679.67
1111,Lithuania,Mortality from exposure to ambient PM2.5,1991,Per 1 000 000 inhabitants,711.17
1112,Lithuania,Mortality from exposure to ambient PM2.5,1992,Per 1 000 000 inhabitants,702.32
1113,Lithuania,Mortality from exposure to ambient PM2.5,1993,Per 1 000 000 inhabitants,772.32
1114,Lithuania,Mortality from exposure to ambient PM2.5,1994,Per 1 000 000 inhabitants,786.6
1115,Lithuania,Mortality from exposure to ambient PM2.5,1995,Per 1 000 000 inhabitants,755.72
1116,Lithuania,Mortality from exposure to ambient PM2.5,1996,Per 1 000 000 inhabitants,694.81
1117,Lithuania,Mortality from exposure to ambient PM2.5,1997,Per 1 000 000 inhabitants,641.63
1118,Lithuania,Mortality from exposure to ambient PM2.5,1998,Per 1 000 000 inhabitants,620.81
1119,Lithuania,Mortality from exposure to ambient PM2.5,1999,Per 1 000 000 inhabitants,586.97
1120,Lithuania,Mortality from exposure to ambient PM2.5,2000,Per 1 000 000 inhabitants,567.95
1121,Lithuania,Mortality from exposure to ambient PM2.5,2001,Per 1 000 000 inhabitants,595.91
1122,Lithuania,Mortality from exposure to ambient PM2.5,2002,Per 1 000 000 inhabitants,594.6
1123,Lithuania,Mortality from exposure to ambient PM2.5,2003,Per 1 000 000 inhabitants,604.14
1124,Lithuania,Mortality from exposure to ambient PM2.5,2004,Per 1 000 000 inhabitants,610.69
1125,Lithuania,Mortality from exposure to ambient PM2.5,2005,Per 1 000 000 inhabitants,655.76
1126,Lithuania,Mortality from exposure to ambient PM2.5,2006,Per 1 000 000 inhabitants,689.19
1127,Lithuania,Mortality from exposure to ambient PM2.5,2007,Per 1 000 000 inhabitants,723.58
1128,Lithuania,Mortality from exposure to ambient PM2.5,2008,Per 1 000 000 inhabitants,718.0
1129,Lithuania,Mortality from exposure to ambient PM2.5,2009,Per 1 000 000 inhabitants,677.28
1130,Lithuania,Mortality from exposure to ambient PM2.5,2010,Per 1 000 000 inhabitants,694.26
1131,Lithuania,Mortality from exposure to ambient PM2.5,2011,Per 1 000 000 inhabitants,684.09
1132,Lithuania,Mortality from exposure to ambient PM2.5,2012,Per 1 000 000 inhabitants,658.08
1133,Lithuania,Mortality from exposure to ambient PM2.5,2013,Per 1 000 000 inhabitants,634.76
1134,Lithuania,Mortality from exposure to ambient PM2.5,2014,Per 1 000 000 inhabitants,578.93
1135,Lithuania,Mortality from exposure to ambient PM2.5,2015,Per 1 000 000 inhabitants,554.19
1136,Lithuania,Mortality from exposure to ambient PM2.5,2016,Per 1 000 000 inhabitants,497.91
1137,Lithuania,Mortality from exposure to ambient PM2.5,2017,Per 1 000 000 inhabitants,436.76
1138,Lithuania,Mortality from exposure to ambient PM2.5,2018,Per 1 000 000 inhabitants,445.84
1139,Lithuania,Mortality from exposure to ambient PM2.5,2019,Per 1 000 000 inhabitants,457.16
1200,Estonia,Mortality from exposure to ambient PM2.5,1990,Per 1 000 000 inhabitants,451.35
1201,Estonia,Mortality from exposure to ambient PM2.5,1991,Per 1 000 000 inhabitants,468.33
1202,Estonia,Mortality from exposure to ambient PM2.5,1992,Per 1 000 000 inhabitants,463.27
1203,Estonia,Mortality from exposure to ambient PM2.5,1993,Per 1 000 000 inhabitants,496.61
1204,Estonia,Mortality from exposure to ambient PM2.5,1994,Per 1 000 000 inhabitants,527.5
1205,Estonia,Mortality from exposure to ambient PM2.5,1995,Per 1 000 000 inhabitants,494.89
1206,Estonia,Mortality from exposure to ambient PM2.5,1996,Per 1 000 000 inhabitants,427.83
1207,Estonia,Mortality from exposure to ambient PM2.5,1997,Per 1 000 000 inhabitants,411.8
1208,Estonia,Mortality from exposure to ambient PM2.5,1998,Per 1 000 000 inhabitants,416.98
1209,Estonia,Mortality from exposure to ambient PM2.5,1999,Per 1 000 000 inhabitants,384.89
1210,Estonia,Mortality from exposure to ambient PM2.5,2000,Per 1 000 000 inhabitants,373.85
1211,Estonia,Mortality from exposure to ambient PM2.5,2001,Per 1 000 000 inhabitants,379.97
1212,Estonia,Mortality from exposure to ambient PM2.5,2002,Per 1 000 000 inhabitants,364.06
1213,Estonia,Mortality from exposure to ambient PM2.5,2003,Per 1 000 000 inhabitants,351.97
1214,Estonia,Mortality from exposure to ambient PM2.5,2004,Per 1 000 000 inhabitants,339.44
1215,Estonia,Mortality from exposure to ambient PM2.5,2005,Per 1 000 000 inhabitants,326.5
1216,Estonia,Mortality from exposure to ambient PM2.5,2006,Per 1 000 000 inhabitants,318.44
1217,Estonia,Mortality from exposure to ambient PM2.5,2007,Per 1 000 000 inhabitants,315.65
1218,Estonia,Mortality from exposure to ambient PM2.5,2008,Per 1 000 000 inhabitants,290.43
1219,Estonia,Mortality from exposure to ambient PM2.5,2009,Per 1 000 000 inhabitants,273.75
1220,Estonia,Mortality from exposure to ambient PM2.5,2010,Per 1 000 000 inhabitants,249.29
1221,Estonia,Mortality from exposure to ambient PM2.5,2011,Per 1 000 000 inhabitants,239.03
1222,Estonia,Mortality from exposure to ambient PM2.5,2012,Per 1 000 000 inhabitants,216.17
1223,Estonia,Mortality from exposure to ambient PM2.5,2013,Per 1 000 000 inhabitants,185.2
1224,Estonia,Mortality from exposure to ambient PM2.5,2014,Per 1 000 000 inhabitants,163.46
1225,Estonia,Mortality from exposure to ambient PM2.5,2015,Per 1 000 000 inhabitants,138.68
1226,Estonia,Mortality from exposure to ambient PM2.5,2016,Per 1 000 000 inhabitants,121.43
1227,Estonia,Mortality from exposure to ambient PM2.5,2017,Per 1 000 000 inhabitants,110.94
1228,Estonia,Mortality from exposure to ambient PM2.5,2018,Per 1 000 000 inhabitants,113.67
1229,Estonia,Mortality from exposure to ambient PM2.5,2019,Per 1 000 000 inhabitants,120.48
1380,Bulgaria,Mortality from exposure to ambient PM2.5,1990,Per 1 000 000 inhabitants,1352.45
1381,Bulgaria,Mortality from exposure to ambient PM2.5,1991,Per 1 000 000 inhabitants,1380.35
1382,Bulgaria,Mortality from exposure to ambient PM2.5,1992,Per 1 000 000 inhabitants,1451.07
1383,Bulgaria,Mortality from exposure to ambient PM2.5,1993,Per 1 000 000 inhabitants,1535.39
1384,Bulgaria,Mortality from exposure to ambient PM2.5,1994,Per 1 000 000 inhabitants,1620.62
1385,Bulgaria,Mortality from exposure to ambient PM2.5,1995,Per 1 000 000 inhabitants,1675.45
1386,Bulgaria,Mortality from exposure to ambient PM2.5,1996,Per 1 000 000 inhabitants,1723.57
1387,Bulgaria,Mortality from exposure to ambient PM2.5,1997,Per 1 000 000 inhabitants,1797.43
1388,Bulgaria,Mortality from exposure to ambient PM2.5,1998,Per 1 000 000 inhabitants,1757.37
1389,Bulgaria,Mortality from exposure to ambient PM2.5,1999,Per 1 000 000 inhabitants,1700.69
1390,Bulgaria,Mortality from exposure to ambient PM2.5,2000,Per 1 000 000 inhabitants,1700.4
1391,Bulgaria,Mortality from exposure to ambient PM2.5,2001,Per 1 000 000 inhabitants,1663.69
1392,Bulgaria,Mortality from exposure to ambient PM2.5,2002,Per 1 000 000 inhabitants,1628.84
1393,Bulgaria,Mortality from exposure to ambient PM2.5,2003,Per 1 000 000 inhabitants,1588.46
1394,Bulgaria,Mortality from exposure to ambient PM2.5,2004,Per 1 000 000 inhabitants,1552.37
1395,Bulgaria,Mortality from exposure to ambient PM2.5,2005,Per 1 000 000 inhabitants,1550.43
1396,Bulgaria,Mortality from exposure to ambient PM2.5,2006,Per 1 000 000 inhabitants,1545.06
1397,Bulgaria,Mortality from exposure to ambient PM2.5,2007,Per 1 000 000 inhabitants,1503.53
1398,Bulgaria,Mortality from exposure to ambient PM2.5,2008,Per 1 000 000 inhabitants,1463.66
1399,Bulgaria,Mortality from exposure to ambient PM2.5,2009,Per 1 000 000 inhabitants,1435.7
1400,Bulgaria,Mortality from exposure to ambient PM2.5,2010,Per 1 000 000 inhabitants,1420.2
1401,Bulgaria,Mortality from exposure to ambient PM2.5,2011,Per 1 000 000 inhabitants,1391.52
1402,Bulgaria,Mortality from exposure to ambient PM2.5,2012,Per 1 000 000 inhabitants,1339.14
1403,Bulgaria,Mortality from exposure to ambient PM2.5,2013,Per 1 000 000 inhabitants,1288.87
1404,Bulgaria,Mortality from exposure to ambient PM2.5,2014,Per 1 000 000 inhabitants,1304.31
1405,Bulgaria,Mortality from exposure to ambient PM2.5,2015,Per 1 000 000 inhabitants,1281.85
1406,Bulgaria,Mortality from exposure to ambient PM2.5,2016,Per 1 000 000 inhabitants,1272.35
1407,Bulgaria,Mortality from exposure to ambient PM2.5,2017,Per 1 000 000 inhabitants,1267.01
1408,Bulgaria,Mortality from exposure to ambient PM2.5,2018,Per 1 000 000 inhabitants,1289.51
1409,Bulgaria,Mortality from exposure to ambient PM2.5,2019,Per 1 000 000 inhabitants,1296.19
1440,Hungary,Mortality from exposure to ambient PM2.5,1990,Per 1 000 000 inhabitants,1080.22
1441,Hungary,Mortality from exposure to ambient PM2.5,1991,Per 1 000 000 inhabitants,1085.52
1442,Hungary,Mortality from exposure to ambient PM2.5,1992,Per 1 000 000 inhabitants,1131.48
1443,Hungary,Mortality from exposure to ambient PM2.5,1993,Per 1 000 000 inhabitants,1141.63
1444,Hungary,Mortality from exposure to ambient PM2.5,1994,Per 1 000 000 inhabitants,1117.05
1445,Hungary,Mortality from exposure to ambient PM2.5,1995,Per 1 000 000 inhabitants,1105.27
1446,Hungary,Mortality from exposure to ambient PM2.5,1996,Per 1 000 000 inhabitants,1048.6
1447,Hungary,Mortality from exposure to ambient PM2.5,1997,Per 1 000 000 inhabitants,1022.23
1448,Hungary,Mortality from exposure to ambient PM2.5,1998,Per 1 000 000 inhabitants,1011.65
1449,Hungary,Mortality from exposure to ambient PM2.5,1999,Per 1 000 000 inhabitants,991.08
1450,Hungary,Mortality from exposure to ambient PM2.5,2000,Per 1 000 000 inhabitants,926.74
1451,Hungary,Mortality from exposure to ambient PM2.5,2001,Per 1 000 000 inhabitants,895.31
1452,Hungary,Mortality from exposure to ambient PM2.5,2002,Per 1 000 000 inhabitants,895.43
1453,Hungary,Mortality from exposure to ambient PM2.5,2003,Per 1 000 000 inhabitants,900.07
1454,Hungary,Mortality from exposure to ambient PM2.5,2004,Per 1 000 000 inhabitants,886.07
1455,Hungary,Mortality from exposure to ambient PM2.5,2005,Per 1 000 000 inhabitants,901.11
1456,Hungary,Mortality from exposure to ambient PM2.5,2006,Per 1 000 000 inhabitants,878.5
1457,Hungary,Mortality from exposure to ambient PM2.5,2007,Per 1 000 000 inhabitants,887.25
1458,Hungary,Mortality from exposure to ambient PM2.5,2008,Per 1 000 000 inhabitants,863.02
1459,Hungary,Mortality from exposure to ambient PM2.5,2009,Per 1 000 000 inhabitants,870.58
1460,Hungary,Mortality from exposure to ambient PM2.5,2010,Per 1 000 000 inhabitants,858.21
1461,Hungary,Mortality from exposure to ambient PM2.5,2011,Per 1 000 000 inhabitants,843.13
1462,Hungary,Mortality from exposure to ambient PM2.5,2012,Per 1 000 000 inhabitants,822.02
1463,Hungary,Mortality from exposure to ambient PM2.5,2013,Per 1 000 000 inhabitants,781.48
1464,Hungary,Mortality from exposure to ambient PM2.5,2014,Per 1 000 000 inhabitants,764.14
1465,Hungary,Mortality from exposure to ambient PM2.5,2015,Per 1 000 000 inhabitants,765.65
1466,Hungary,Mortality from exposure to ambient PM2.5,2016,Per 1 000 000 inhabitants,722.4
1467,Hungary,Mortality from exposure to ambient PM2.5,2017,Per 1 000 000 inhabitants,723.01
1468,Hungary,Mortality from exposure to ambient PM2.5,2018,Per 1 000 000 inhabitants,732.87
1469,Hungary,Mortality from exposure to ambient PM2.5,2019,Per 1 000 000 inhabitants,716.65
1740,Ireland,Mortality from exposure to ambient PM2.5,1990,Per 1 000 000 inhabitants,416.86
1741,Ireland,Mortality from exposure to ambient PM2.5,1991,Per 1 000 000 inhabitants,404.27
1742,Ireland,Mortality from exposure to ambient PM2.5,1992,Per 1 000 000 inhabitants,394.34
1743,Ireland,Mortality from exposure to ambient PM2.5,1993,Per 1 000 000 inhabitants,388.5
1744,Ireland,Mortality from exposure to ambient PM2.5,1994,Per 1 000 000 inhabitants,374.07
1745,Ireland,Mortality from exposure to ambient PM2.5,1995,Per 1 000 000 inhabitants,369.81
1746,Ireland,Mortality from exposure to ambient PM2.5,1996,Per 1 000 000 inhabitants,353.03
1747,Ireland,Mortality from exposure to ambient PM2.5,1997,Per 1 000 000 inhabitants,337.45
1748,Ireland,Mortality from exposure to ambient PM2.5,1998,Per 1 000 000 inhabitants,323.13
1749,Ireland,Mortality from exposure to ambient PM2.5,1999,Per 1 000 000 inhabitants,311.85
1750,Ireland,Mortality from exposure to ambient PM2.5,2000,Per 1 000 000 inhabitants,291.71
1751,Ireland,Mortality from exposure to ambient PM2.5,2001,Per 1 000 000 inhabitants,266.57
1752,Ireland,Mortality from exposure to ambient PM2.5,2002,Per 1 000 000 inhabitants,249.11
1753,Ireland,Mortality from exposure to ambient PM2.5,2003,Per 1 000 000 inhabitants,232.28
1754,Ireland,Mortality from exposure to ambient PM2.5,2004,Per 1 000 000 inhabitants,218.59
1755,Ireland,Mortality from exposure to ambient PM2.5,2005,Per 1 000 000 inhabitants,204.02
1756,Ireland,Mortality from exposure to ambient PM2.5,2006,Per 1 000 000 inhabitants,194.43
1757,Ireland,Mortality from exposure to ambient PM2.5,2007,Per 1 000 000 inhabitants,183.75
1758,Ireland,Mortality from exposure to ambient PM2.5,2008,Per 1 000 000 inhabitants,175.34
1759,Ireland,Mortality from exposure to ambient PM2.5,2009,Per 1 000 000 inhabitants,168.57
1760,Ireland,Mortality from exposure to ambient PM2.5,2010,Per 1 000 000 inhabitants,154.84
1761,Ireland,Mortality from exposure to ambient PM2.5,2011,Per 1 000 000 inhabitants,153.31
1762,Ireland,Mortality from exposure to ambient PM2.5,2012,Per 1 000 000 inhabitants,146.64
1763,Ireland,Mortality from exposure to ambient PM2.5,2013,Per 1 000 000 inhabitants,138.06
1764,Ireland,Mortality from exposure to ambient PM2.5,2014,Per 1 000 000 inhabitants,128.03
1765,Ireland,Mortality from exposure to ambient PM2.5,2015,Per 1 000 000 inhabitants,120.32
1766,Ireland,Mortality from exposure to ambient PM2.5,2016,Per 1 000 000 inhabitants,108.35
1767,Ireland,Mortality from exposure to ambient PM2.5,2017,Per 1 000 000 inhabitants,101.88
1768,Ireland,Mortality from exposure to ambient PM2.5,2018,Per 1 000 000 inhabitants,103.81
1769,Ireland,Mortality from exposure to ambient PM2.5,2019,Per 1 000 000 inhabitants,109.71
1800,Spain,Mortality from exposure to ambient PM2.5,1990,Per 1 000 000 inhabitants,352.44
1801,Spain,Mortality from exposure to ambient PM2.5,1991,Per 1 000 000 inhabitants,340.19
1802,Spain,Mortality from exposure to ambient PM2.5,1992,Per 1 000 000 inhabitants,324.89
1803,Spain,Mortality from exposure to ambient PM2.5,1993,Per 1 000 000 inhabitants,317.35
1804,Spain,Mortality from exposure to ambient PM2.5,1994,Per 1 000 000 inhabitants,311.7
1805,Spain,Mortality from exposure to ambient PM2.5,1995,Per 1 000 000 inhabitants,312.57
1806,Spain,Mortality from exposure to ambient PM2.5,1996,Per 1 000 000 inhabitants,317.24
1807,Spain,Mortality from exposure to ambient PM2.5,1997,Per 1 000 000 inhabitants,320.49
1808,Spain,Mortality from exposure to ambient PM2.5,1998,Per 1 000 000 inhabitants,334.45
1809,Spain,Mortality from exposure to ambient PM2.5,1999,Per 1 000 000 inhabitants,347.14
1810,Spain,Mortality from exposure to ambient PM2.5,2000,Per 1 000 000 inhabitants,338.7
1811,Spain,Mortality from exposure to ambient PM2.5,2001,Per 1 000 000 inhabitants,328.09
1812,Spain,Mortality from exposure to ambient PM2.5,2002,Per 1 000 000 inhabitants,319.51
1813,Spain,Mortality from exposure to ambient PM2.5,2003,Per 1 000 000 inhabitants,310.78
1814,Spain,Mortality from exposure to ambient PM2.5,2004,Per 1 000 000 inhabitants,292.73
1815,Spain,Mortality from exposure to ambient PM2.5,2005,Per 1 000 000 inhabitants,281.53
1816,Spain,Mortality from exposure to ambient PM2.5,2006,Per 1 000 000 inhabitants,266.73
1817,Spain,Mortality from exposure to ambient PM2.5,2007,Per 1 000 000 inhabitants,258.53
1818,Spain,Mortality from exposure to ambient PM2.5,2008,Per 1 000 000 inhabitants,248.6
1819,Spain,Mortality from exposure to ambient PM2.5,2009,Per 1 000 000 inhabitants,236.28
1820,Spain,Mortality from exposure to ambient PM2.5,2010,Per 1 000 000 inhabitants,224.46
1821,Spain,Mortality from exposure to ambient PM2.5,2011,Per 1 000 000 inhabitants,221.21
1822,Spain,Mortality from exposure to ambient PM2.5,2012,Per 1 000 000 inhabitants,218.04
1823,Spain,Mortality from exposure to ambient PM2.5,2013,Per 1 000 000 inhabitants,209.61
1824,Spain,Mortality from exposure to ambient PM2.5,2014,Per 1 000 000 inhabitants,205.68
1825,Spain,Mortality from exposure to ambient PM2.5,2015,Per 1 000 000 inhabitants,205.21
1826,Spain,Mortality from exposure to ambient PM2.5,2016,Per 1 000 000 inhabitants,191.33
1827,Spain,Mortality from exposure to ambient PM2.5,2017,Per 1 000 000 inhabitants,184.7
1828,Spain,Mortality from exposure to ambient PM2.5,2018,Per 1 000 000 inhabitants,187.3
1829,Spain,Mortality from exposure to ambient PM2.5,2019,Per 1 000 000 inhabitants,189.99
1890,Malta,Mortality from exposure to ambient PM2.5,1990,Per 1 000 000 inhabitants,478.89
1891,Malta,Mortality from exposure to ambient PM2.5,1991,Per 1 000 000 inhabitants,473.5
1892,Malta,Mortality from exposure to ambient PM2.5,1992,Per 1 000 000 inhabitants,469.7
1893,Malta,Mortality from exposure to ambient PM2.5,1993,Per 1 000 000 inhabitants,459.99
1894,Malta,Mortality from exposure to ambient PM2.5,1994,Per 1 000 000 inhabitants,447.81
1895,Malta,Mortality from exposure to ambient PM2.5,1995,Per 1 000 000 inhabitants,446.93
1896,Malta,Mortality from exposure to ambient PM2.5,1996,Per 1 000 000 inhabitants,447.26
1897,Malta,Mortality from exposure to ambient PM2.5,1997,Per 1 000 000 inhabitants,444.61
1898,Malta,Mortality from exposure to ambient PM2.5,1998,Per 1 000 000 inhabitants,432.62
1899,Malta,Mortality from exposure to ambient PM2.5,1999,Per 1 000 000 inhabitants,432.08
1900,Malta,Mortality from exposure to ambient PM2.5,2000,Per 1 000 000 inhabitants,426.57
1901,Malta,Mortality from exposure to ambient PM2.5,2001,Per 1 000 000 inhabitants,423.02
1902,Malta,Mortality from exposure to ambient PM2.5,2002,Per 1 000 000 inhabitants,421.39
1903,Malta,Mortality from exposure to ambient PM2.5,2003,Per 1 000 000 inhabitants,414.46
1904,Malta,Mortality from exposure to ambient PM2.5,2004,Per 1 000 000 inhabitants,403.45
1905,Malta,Mortality from exposure to ambient PM2.5,2005,Per 1 000 000 inhabitants,396.2
1906,Malta,Mortality from exposure to ambient PM2.5,2006,Per 1 000 000 inhabitants,396.69
1907,Malta,Mortality from exposure to ambient PM2.5,2007,Per 1 000 000 inhabitants,411.04
1908,Malta,Mortality from exposure to ambient PM2.5,2008,Per 1 000 000 inhabitants,428.73
1909,Malta,Mortality from exposure to ambient PM2.5,2009,Per 1 000 000 inhabitants,442.16
1910,Malta,Mortality from exposure to ambient PM2.5,2010,Per 1 000 000 inhabitants,445.6
1911,Malta,Mortality from exposure to ambient PM2.5,2011,Per 1 000 000 inhabitants,440.59
1912,Malta,Mortality from exposure to ambient PM2.5,2012,Per 1 000 000 inhabitants,418.66
1913,Malta,Mortality from exposure to ambient PM2.5,2013,Per 1 000 000 inhabitants,386.84
1914,Malta,Mortality from exposure to ambient PM2.5,2014,Per 1 000 000 inhabitants,357.11
1915,Malta,Mortality from exposure to ambient PM2.5,2015,Per 1 000 000 inhabitants,327.46
1916,Malta,Mortality from exposure to ambient PM2.5,2016,Per 1 000 000 inhabitants,315.54
1917,Malta,Mortality from exposure to ambient PM2.5,2017,Per 1 000 000 inhabitants,308.9
1918,Malta,Mortality from exposure to ambient PM2.5,2018,Per 1 000 000 inhabitants,316.04
1919,Malta,Mortality from exposure to ambient PM2.5,2019,Per 1 000 000 inhabitants,334.46
2040,Denmark,Mortality from exposure to ambient PM2.5,1990,Per 1 000 000 inhabitants,713.36
2041,Denmark,Mortality from exposure to ambient PM2.5,1991,Per 1 000 000 inhabitants,683.87
2042,Denmark,Mortality from exposure to ambient PM2.5,1992,Per 1 000 000 inhabitants,666.69
2043,Denmark,Mortality from exposure to ambient PM2.5,1993,Per 1 000 000 inhabitants,650.05
2044,Denmark,Mortality from exposure to ambient PM2.5,1994,Per 1 000 000 inhabitants,626.49
2045,Denmark,Mortality from exposure to ambient PM2.5,1995,Per 1 000 000 inhabitants,604.38
2046,Denmark,Mortality from exposure to ambient PM2.5,1996,Per 1 000 000 inhabitants,573.12
2047,Denmark,Mortality from exposure to ambient PM2.5,1997,Per 1 000 000 inhabitants,542.36
2048,Denmark,Mortality from exposure to ambient PM2.5,1998,Per 1 000 000 inhabitants,512.57
2049,Denmark,Mortality from exposure to ambient PM2.5,1999,Per 1 000 000 inhabitants,503.64
2050,Denmark,Mortality from exposure to ambient PM2.5,2000,Per 1 000 000 inhabitants,477.12
2051,Denmark,Mortality from exposure to ambient PM2.5,2001,Per 1 000 000 inhabitants,468.29
2052,Denmark,Mortality from exposure to ambient PM2.5,2002,Per 1 000 000 inhabitants,452.38
2053,Denmark,Mortality from exposure to ambient PM2.5,2003,Per 1 000 000 inhabitants,426.44
2054,Denmark,Mortality from exposure to ambient PM2.5,2004,Per 1 000 000 inhabitants,401.0
2055,Denmark,Mortality from exposure to ambient PM2.5,2005,Per 1 000 000 inhabitants,380.91
2056,Denmark,Mortality from exposure to ambient PM2.5,2006,Per 1 000 000 inhabitants,375.05
2057,Denmark,Mortality from exposure to ambient PM2.5,2007,Per 1 000 000 inhabitants,371.13
2058,Denmark,Mortality from exposure to ambient PM2.5,2008,Per 1 000 000 inhabitants,363.98
2059,Denmark,Mortality from exposure to ambient PM2.5,2009,Per 1 000 000 inhabitants,361.55
2060,Denmark,Mortality from exposure to ambient PM2.5,2010,Per 1 000 000 inhabitants,351.74
2061,Denmark,Mortality from exposure to ambient PM2.5,2011,Per 1 000 000 inhabitants,328.03
2062,Denmark,Mortality from exposure to ambient PM2.5,2012,Per 1 000 000 inhabitants,296.58
2063,Denmark,Mortality from exposure to ambient PM2.5,2013,Per 1 000 000 inhabitants,263.84
2064,Denmark,Mortality from exposure to ambient PM2.5,2014,Per 1 000 000 inhabitants,235.32
2065,Denmark,Mortality from exposure to ambient PM2.5,2015,Per 1 000 000 inhabitants,224.23
2066,Denmark,Mortality from exposure to ambient PM2.5,2016,Per 1 000 000 inhabitants,229.76
2067,Denmark,Mortality from exposure to ambient PM2.5,2017,Per 1 000 000 inhabitants,235.14
2068,Denmark,Mortality from exposure to ambient PM2.5,2018,Per 1 000 000 inhabitants,233.67
2069,Denmark,Mortality from exposure to ambient PM2.5,2019,Per 1 000 000 inhabitants,224.93
2430,France,Mortality from exposure to ambient PM2.5,1990,Per 1 000 000 inhabitants,403.76
2431,France,Mortality from exposure to ambient PM2.5,1991,Per 1 000 000 inhabitants,391.13
2432,France,Mortality from exposure to ambient PM2.5,1992,Per 1 000 000 inhabitants,379.65
2433,France,Mortality from exposure to ambient PM2.5,1993,Per 1 000 000 inhabitants,372.9
2434,France,Mortality from exposure to ambient PM2.5,1994,Per 1 000 000 inhabitants,361.65
2435,France,Mortality from exposure to ambient PM2.5,1995,Per 1 000 000 inhabitants,357.47
2436,France,Mortality from exposure to ambient PM2.5,1996,Per 1 000 000 inhabitants,353.52
2437,France,Mortality from exposure to ambient PM2.5,1997,Per 1 000 000 inhabitants,344.27
2438,France,Mortality from exposure to ambient PM2.5,1998,Per 1 000 000 inhabitants,342.59
2439,France,Mortality from exposure to ambient PM2.5,1999,Per 1 000 000 inhabitants,336.5
2440,France,Mortality from exposure to ambient PM2.5,2000,Per 1 000 000 inhabitants,326.01
2441,France,Mortality from exposure to ambient PM2.5,2001,Per 1 000 000 inhabitants,317.49
2442,France,Mortality from exposure to ambient PM2.5,2002,Per 1 000 000 inhabitants,310.94
2443,France,Mortality from exposure to ambient PM2.5,2003,Per 1 000 000 inhabitants,302.89
2444,France,Mortality from exposure to ambient PM2.5,2004,Per 1 000 000 inhabitants,283.63
2445,France,Mortality from exposure to ambient PM2.5,2005,Per 1 000 000 inhabitants,278.89
2446,France,Mortality from exposure to ambient PM2.5,2006,Per 1 000 000 inhabitants,274.32
2447,France,Mortality from exposure to ambient PM2.5,2007,Per 1 000 000 inhabitants,273.73
2448,France,Mortality from exposure to ambient PM2.5,2008,Per 1 000 000 inhabitants,276.78
2449,France,Mortality from exposure to ambient PM2.5,2009,Per 1 000 000 inhabitants,278.78
2450,France,Mortality from exposure to ambient PM2.5,2010,Per 1 000 000 inhabitants,276.0
2451,France,Mortality from exposure to ambient PM2.5,2011,Per 1 000 000 inhabitants,269.65
2452,France,Mortality from exposure to ambient PM2.5,2012,Per 1 000 000 inhabitants,259.77
2453,France,Mortality from exposure to ambient PM2.5,2013,Per 1 000 000 inhabitants,243.0
2454,France,Mortality from exposure to ambient PM2.5,2014,Per 1 000 000 inhabitants,224.14
2455,France,Mortality from exposure to ambient PM2.5,2015,Per 1 000 000 inhabitants,216.93
2456,France,Mortality from exposure to ambient PM2.5,2016,Per 1 000 000 inhabitants,201.59
2457,France,Mortality from exposure to ambient PM2.5,2017,Per 1 000 000 inhabitants,197.83
2458,France,Mortality from exposure to ambient PM2.5,2018,Per 1 000 000 inhabitants,200.0
2459,France,Mortality from exposure to ambient PM2.5,2019,Per 1 000 000 inhabitants,203.43
2610,Greece,Mortality from exposure to ambient PM2.5,1990,Per 1 000 000 inhabitants,669.29
2611,Greece,Mortality from exposure to ambient PM2.5,1991,Per 1 000 000 inhabitants,669.46
2612,Greece,Mortality from exposure to ambient PM2.5,1992,Per 1 000 000 inhabitants,671.64
2613,Greece,Mortality from exposure to ambient PM2.5,1993,Per 1 000 000 inhabitants,661.23
2614,Greece,Mortality from exposure to ambient PM2.5,1994,Per 1 000 000 inhabitants,660.03
2615,Greece,Mortality from exposure to ambient PM2.5,1995,Per 1 000 000 inhabitants,662.41
2616,Greece,Mortality from exposure to ambient PM2.5,1996,Per 1 000 000 inhabitants,665.14
2617,Greece,Mortality from exposure to ambient PM2.5,1997,Per 1 000 000 inhabitants,666.37
2618,Greece,Mortality from exposure to ambient PM2.5,1998,Per 1 000 000 inhabitants,680.49
2619,Greece,Mortality from exposure to ambient PM2.5,1999,Per 1 000 000 inhabitants,689.08
2620,Greece,Mortality from exposure to ambient PM2.5,2000,Per 1 000 000 inhabitants,686.45
2621,Greece,Mortality from exposure to ambient PM2.5,2001,Per 1 000 000 inhabitants,676.87
2622,Greece,Mortality from exposure to ambient PM2.5,2002,Per 1 000 000 inhabitants,663.7
2623,Greece,Mortality from exposure to ambient PM2.5,2003,Per 1 000 000 inhabitants,650.46
2624,Greece,Mortality from exposure to ambient PM2.5,2004,Per 1 000 000 inhabitants,633.16
2625,Greece,Mortality from exposure to ambient PM2.5,2005,Per 1 000 000 inhabitants,619.25
2626,Greece,Mortality from exposure to ambient PM2.5,2006,Per 1 000 000 inhabitants,619.57
2627,Greece,Mortality from exposure to ambient PM2.5,2007,Per 1 000 000 inhabitants,641.83
2628,Greece,Mortality from exposure to ambient PM2.5,2008,Per 1 000 000 inhabitants,637.82
2629,Greece,Mortality from exposure to ambient PM2.5,2009,Per 1 000 000 inhabitants,641.4
2630,Greece,Mortality from exposure to ambient PM2.5,2010,Per 1 000 000 inhabitants,637.56
2631,Greece,Mortality from exposure to ambient PM2.5,2011,Per 1 000 000 inhabitants,642.99
2632,Greece,Mortality from exposure to ambient PM2.5,2012,Per 1 000 000 inhabitants,636.53
2633,Greece,Mortality from exposure to ambient PM2.5,2013,Per 1 000 000 inhabitants,598.96
2634,Greece,Mortality from exposure to ambient PM2.5,2014,Per 1 000 000 inhabitants,567.66
2635,Greece,Mortality from exposure to ambient PM2.5,2015,Per 1 000 000 inhabitants,552.72
2636,Greece,Mortality from exposure to ambient PM2.5,2016,Per 1 000 000 inhabitants,525.11
2637,Greece,Mortality from exposure to ambient PM2.5,2017,Per 1 000 000 inhabitants,514.08
2638,Greece,Mortality from exposure to ambient PM2.5,2018,Per 1 000 000 inhabitants,533.2
2639,Greece,Mortality from exposure to ambient PM2.5,2019,Per 1 000 000 inhabitants,545.87
2820,Poland,Mortality from exposure to ambient PM2.5,1990,Per 1 000 000 inhabitants,993.34
2821,Poland,Mortality from exposure to ambient PM2.5,1991,Per 1 000 000 inhabitants,1044.58
2822,Poland,Mortality from exposure to ambient PM2.5,1992,Per 1 000 000 inhabitants,1027.24
2823,Poland,Mortality from exposure to ambient PM2.5,1993,Per 1 000 000 inhabitants,995.08
2824,Poland,Mortality from exposure to ambient PM2.5,1994,Per 1 000 000 inhabitants,988.78
2825,Poland,Mortality from exposure to ambient PM2.5,1995,Per 1 000 000 inhabitants,991.03
2826,Poland,Mortality from exposure to ambient PM2.5,1996,Per 1 000 000 inhabitants,959.82
2827,Poland,Mortality from exposure to ambient PM2.5,1997,Per 1 000 000 inhabitants,938.55
2828,Poland,Mortality from exposure to ambient PM2.5,1998,Per 1 000 000 inhabitants,898.49
2829,Poland,Mortality from exposure to ambient PM2.5,1999,Per 1 000 000 inhabitants,888.42
2830,Poland,Mortality from exposure to ambient PM2.5,2000,Per 1 000 000 inhabitants,835.66
2831,Poland,Mortality from exposure to ambient PM2.5,2001,Per 1 000 000 inhabitants,812.5
2832,Poland,Mortality from exposure to ambient PM2.5,2002,Per 1 000 000 inhabitants,793.22
2833,Poland,Mortality from exposure to ambient PM2.5,2003,Per 1 000 000 inhabitants,786.56
2834,Poland,Mortality from exposure to ambient PM2.5,2004,Per 1 000 000 inhabitants,790.23
2835,Poland,Mortality from exposure to ambient PM2.5,2005,Per 1 000 000 inhabitants,791.27
2836,Poland,Mortality from exposure to ambient PM2.5,2006,Per 1 000 000 inhabitants,798.57
2837,Poland,Mortality from exposure to ambient PM2.5,2007,Per 1 000 000 inhabitants,811.71
2838,Poland,Mortality from exposure to ambient PM2.5,2008,Per 1 000 000 inhabitants,817.19
2839,Poland,Mortality from exposure to ambient PM2.5,2009,Per 1 000 000 inhabitants,820.77
2840,Poland,Mortality from exposure to ambient PM2.5,2010,Per 1 000 000 inhabitants,799.9
2841,Poland,Mortality from exposure to ambient PM2.5,2011,Per 1 000 000 inhabitants,785.52
2842,Poland,Mortality from exposure to ambient PM2.5,2012,Per 1 000 000 inhabitants,772.09
2843,Poland,Mortality from exposure to ambient PM2.5,2013,Per 1 000 000 inhabitants,738.65
2844,Poland,Mortality from exposure to ambient PM2.5,2014,Per 1 000 000 inhabitants,698.25
2845,Poland,Mortality from exposure to ambient PM2.5,2015,Per 1 000 000 inhabitants,704.91
2846,Poland,Mortality from exposure to ambient PM2.5,2016,Per 1 000 000 inhabitants,700.88
2847,Poland,Mortality from exposure to ambient PM2.5,2017,Per 1 000 000 inhabitants,712.41
2848,Poland,Mortality from exposure to ambient PM2.5,2018,Per 1 000 000 inhabitants,725.21
2849,Poland,Mortality from exposure to ambient PM2.5,2019,Per 1 000 000 inhabitants,732.82
2940,Luxembourg,Mortality from exposure to ambient PM2.5,1990,Per 1 000 000 inhabitants,546.99
2941,Luxembourg,Mortality from exposure to ambient PM2.5,1991,Per 1 000 000 inhabitants,526.5
2942,Luxembourg,Mortality from exposure to ambient PM2.5,1992,Per 1 000 000 inhabitants,502.19
2943,Luxembourg,Mortality from exposure to ambient PM2.5,1993,Per 1 000 000 inhabitants,481.62
2944,Luxembourg,Mortality from exposure to ambient PM2.5,1994,Per 1 000 000 inhabitants,455.61
2945,Luxembourg,Mortality from exposure to ambient PM2.5,1995,Per 1 000 000 inhabitants,435.46
2946,Luxembourg,Mortality from exposure to ambient PM2.5,1996,Per 1 000 000 inhabitants,414.53
2947,Luxembourg,Mortality from exposure to ambient PM2.5,1997,Per 1 000 000 inhabitants,388.46
2948,Luxembourg,Mortality from exposure to ambient PM2.5,1998,Per 1 000 000 inhabitants,364.94
2949,Luxembourg,Mortality from exposure to ambient PM2.5,1999,Per 1 000 000 inhabitants,342.84
2950,Luxembourg,Mortality from exposure to ambient PM2.5,2000,Per 1 000 000 inhabitants,327.39
2951,Luxembourg,Mortality from exposure to ambient PM2.5,2001,Per 1 000 000 inhabitants,309.21
2952,Luxembourg,Mortality from exposure to ambient PM2.5,2002,Per 1 000 000 inhabitants,300.84
2953,Luxembourg,Mortality from exposure to ambient PM2.5,2003,Per 1 000 000 inhabitants,290.38
2954,Luxembourg,Mortality from exposure to ambient PM2.5,2004,Per 1 000 000 inhabitants,284.37
2955,Luxembourg,Mortality from exposure to ambient PM2.5,2005,Per 1 000 000 inhabitants,278.08
2956,Luxembourg,Mortality from exposure to ambient PM2.5,2006,Per 1 000 000 inhabitants,271.88
2957,Luxembourg,Mortality from exposure to ambient PM2.5,2007,Per 1 000 000 inhabitants,263.97
2958,Luxembourg,Mortality from exposure to ambient PM2.5,2008,Per 1 000 000 inhabitants,257.52
2959,Luxembourg,Mortality from exposure to ambient PM2.5,2009,Per 1 000 000 inhabitants,255.98
2960,Luxembourg,Mortality from exposure to ambient PM2.5,2010,Per 1 000 000 inhabitants,251.41
2961,Luxembourg,Mortality from exposure to ambient PM2.5,2011,Per 1 000 000 inhabitants,239.14
2962,Luxembourg,Mortality from exposure to ambient PM2.5,2012,Per 1 000 000 inhabitants,221.68
2963,Luxembourg,Mortality from exposure to ambient PM2.5,2013,Per 1 000 000 inhabitants,201.59
2964,Luxembourg,Mortality from exposure to ambient PM2.5,2014,Per 1 000 000 inhabitants,180.38
2965,Luxembourg,Mortality from exposure to ambient PM2.5,2015,Per 1 000 000 inhabitants,162.51
2966,Luxembourg,Mortality from exposure to ambient PM2.5,2016,Per 1 000 000 inhabitants,145.72
2967,Luxembourg,Mortality from exposure to ambient PM2.5,2017,Per 1 000 000 inhabitants,140.87
2968,Luxembourg,Mortality from exposure to ambient PM2.5,2018,Per 1 000 000 inhabitants,142.34
2969,Luxembourg,Mortality from exposure to ambient PM2.5,2019,Per 1 000 000 inhabitants,147.91
3030,Belgium,Mortality from exposure to ambient PM2.5,1990,Per 1 000 000 inhabitants,699.43
3031,Belgium,Mortality from exposure to ambient PM2.5,1991,Per 1 000 000 inhabitants,677.34
3032,Belgium,Mortality from exposure to ambient PM2.5,1992,Per 1 000 000 inhabitants,661.9
3033,Belgium,Mortality from exposure to ambient PM2.5,1993,Per 1 000 000 inhabitants,650.59
3034,Belgium,Mortality from exposure to ambient PM2.5,1994,Per 1 000 000 inhabitants,629.25
3035,Belgium,Mortality from exposure to ambient PM2.5,1995,Per 1 000 000 inhabitants,617.69
3036,Belgium,Mortality from exposure to ambient PM2.5,1996,Per 1 000 000 inhabitants,603.29
3037,Belgium,Mortality from exposure to ambient PM2.5,1997,Per 1 000 000 inhabitants,584.77
3038,Belgium,Mortality from exposure to ambient PM2.5,1998,Per 1 000 000 inhabitants,569.71
3039,Belgium,Mortality from exposure to ambient PM2.5,1999,Per 1 000 000 inhabitants,553.32
3040,Belgium,Mortality from exposure to ambient PM2.5,2000,Per 1 000 000 inhabitants,534.51
3041,Belgium,Mortality from exposure to ambient PM2.5,2001,Per 1 000 000 inhabitants,510.94
3042,Belgium,Mortality from exposure to ambient PM2.5,2002,Per 1 000 000 inhabitants,496.31
3043,Belgium,Mortality from exposure to ambient PM2.5,2003,Per 1 000 000 inhabitants,477.23
3044,Belgium,Mortality from exposure to ambient PM2.5,2004,Per 1 000 000 inhabitants,450.32
3045,Belgium,Mortality from exposure to ambient PM2.5,2005,Per 1 000 000 inhabitants,438.52
3046,Belgium,Mortality from exposure to ambient PM2.5,2006,Per 1 000 000 inhabitants,426.55
3047,Belgium,Mortality from exposure to ambient PM2.5,2007,Per 1 000 000 inhabitants,429.36
3048,Belgium,Mortality from exposure to ambient PM2.5,2008,Per 1 000 000 inhabitants,435.71
3049,Belgium,Mortality from exposure to ambient PM2.5,2009,Per 1 000 000 inhabitants,437.84
3050,Belgium,Mortality from exposure to ambient PM2.5,2010,Per 1 000 000 inhabitants,432.39
3051,Belgium,Mortality from exposure to ambient PM2.5,2011,Per 1 000 000 inhabitants,417.74
3052,Belgium,Mortality from exposure to ambient PM2.5,2012,Per 1 000 000 inhabitants,395.78
3053,Belgium,Mortality from exposure to ambient PM2.5,2013,Per 1 000 000 inhabitants,362.48
3054,Belgium,Mortality from exposure to ambient PM2.5,2014,Per 1 000 000 inhabitants,326.12
3055,Belgium,Mortality from exposure to ambient PM2.5,2015,Per 1 000 000 inhabitants,312.87
3056,Belgium,Mortality from exposure to ambient PM2.5,2016,Per 1 000 000 inhabitants,301.23
3057,Belgium,Mortality from exposure to ambient PM2.5,2017,Per 1 000 000 inhabitants,300.18
3058,Belgium,Mortality from exposure to ambient PM2.5,2018,Per 1 000 000 inhabitants,300.56
3059,Belgium,Mortality from exposure to ambient PM2.5,2019,Per 1 000 000 inhabitants,302.81
3330,Czech Republic,Mortality from exposure to ambient PM2.5,1990,Per 1 000 000 inhabitants,1256.59
3331,Czech Republic,Mortality from exposure to ambient PM2.5,1991,Per 1 000 000 inhabitants,1190.78
3332,Czech Republic,Mortality from exposure to ambient PM2.5,1992,Per 1 000 000 inhabitants,1149.07
3333,Czech Republic,Mortality from exposure to ambient PM2.5,1993,Per 1 000 000 inhabitants,1092.32
3334,Czech Republic,Mortality from exposure to ambient PM2.5,1994,Per 1 000 000 inhabitants,1064.55
3335,Czech Republic,Mortality from exposure to ambient PM2.5,1995,Per 1 000 000 inhabitants,1057.06
3336,Czech Republic,Mortality from exposure to ambient PM2.5,1996,Per 1 000 000 inhabitants,993.49
3337,Czech Republic,Mortality from exposure to ambient PM2.5,1997,Per 1 000 000 inhabitants,961.61
3338,Czech Republic,Mortality from exposure to ambient PM2.5,1998,Per 1 000 000 inhabitants,891.15
3339,Czech Republic,Mortality from exposure to ambient PM2.5,1999,Per 1 000 000 inhabitants,854.93
3340,Czech Republic,Mortality from exposure to ambient PM2.5,2000,Per 1 000 000 inhabitants,838.54
3341,Czech Republic,Mortality from exposure to ambient PM2.5,2001,Per 1 000 000 inhabitants,825.98
3342,Czech Republic,Mortality from exposure to ambient PM2.5,2002,Per 1 000 000 inhabitants,805.08
3343,Czech Republic,Mortality from exposure to ambient PM2.5,2003,Per 1 000 000 inhabitants,814.13
3344,Czech Republic,Mortality from exposure to ambient PM2.5,2004,Per 1 000 000 inhabitants,776.94
3345,Czech Republic,Mortality from exposure to ambient PM2.5,2005,Per 1 000 000 inhabitants,767.12
3346,Czech Republic,Mortality from exposure to ambient PM2.5,2006,Per 1 000 000 inhabitants,731.76
3347,Czech Republic,Mortality from exposure to ambient PM2.5,2007,Per 1 000 000 inhabitants,720.98
3348,Czech Republic,Mortality from exposure to ambient PM2.5,2008,Per 1 000 000 inhabitants,717.85
3349,Czech Republic,Mortality from exposure to ambient PM2.5,2009,Per 1 000 000 inhabitants,709.22
3350,Czech Republic,Mortality from exposure to ambient PM2.5,2010,Per 1 000 000 inhabitants,700.72
3351,Czech Republic,Mortality from exposure to ambient PM2.5,2011,Per 1 000 000 inhabitants,693.08
3352,Czech Republic,Mortality from exposure to ambient PM2.5,2012,Per 1 000 000 inhabitants,673.09
3353,Czech Republic,Mortality from exposure to ambient PM2.5,2013,Per 1 000 000 inhabitants,649.41
3354,Czech Republic,Mortality from exposure to ambient PM2.5,2014,Per 1 000 000 inhabitants,612.98
3355,Czech Republic,Mortality from exposure to ambient PM2.5,2015,Per 1 000 000 inhabitants,603.46
3356,Czech Republic,Mortality from exposure to ambient PM2.5,2016,Per 1 000 000 inhabitants,581.06
3357,Czech Republic,Mortality from exposure to ambient PM2.5,2017,Per 1 000 000 inhabitants,573.42
3358,Czech Republic,Mortality from exposure to ambient PM2.5,2018,Per 1 000 000 inhabitants,585.81
3359,Czech Republic,Mortality from exposure to ambient PM2.5,2019,Per 1 000 000 inhabitants,585.26
3450,Croatia,Mortality from exposure to ambient PM2.5,1990,Per 1 000 000 inhabitants,959.04
3451,Croatia,Mortality from exposure to ambient PM2.5,1991,Per 1 000 000 inhabitants,945.99
3452,Croatia,Mortality from exposure to ambient PM2.5,1992,Per 1 000 000 inhabitants,946.1
3453,Croatia,Mortality from exposure to ambient PM2.5,1993,Per 1 000 000 inhabitants,949.45
3454,Croatia,Mortality from exposure to ambient PM2.5,1994,Per 1 000 000 inhabitants,946.75
3455,Croatia,Mortality from exposure to ambient PM2.5,1995,Per 1 000 000 inhabitants,963.04
3456,Croatia,Mortality from exposure to ambient PM2.5,1996,Per 1 000 000 inhabitants,981.02
3457,Croatia,Mortality from exposure to ambient PM2.5,1997,Per 1 000 000 inhabitants,997.27
3458,Croatia,Mortality from exposure to ambient PM2.5,1998,Per 1 000 000 inhabitants,978.89
3459,Croatia,Mortality from exposure to ambient PM2.5,1999,Per 1 000 000 inhabitants,963.01
3460,Croatia,Mortality from exposure to ambient PM2.5,2000,Per 1 000 000 inhabitants,934.26
3461,Croatia,Mortality from exposure to ambient PM2.5,2001,Per 1 000 000 inhabitants,921.92
3462,Croatia,Mortality from exposure to ambient PM2.5,2002,Per 1 000 000 inhabitants,931.53
3463,Croatia,Mortality from exposure to ambient PM2.5,2003,Per 1 000 000 inhabitants,948.85
3464,Croatia,Mortality from exposure to ambient PM2.5,2004,Per 1 000 000 inhabitants,914.14
3465,Croatia,Mortality from exposure to ambient PM2.5,2005,Per 1 000 000 inhabitants,927.91
3466,Croatia,Mortality from exposure to ambient PM2.5,2006,Per 1 000 000 inhabitants,903.21
3467,Croatia,Mortality from exposure to ambient PM2.5,2007,Per 1 000 000 inhabitants,910.53
3468,Croatia,Mortality from exposure to ambient PM2.5,2008,Per 1 000 000 inhabitants,903.69
3469,Croatia,Mortality from exposure to ambient PM2.5,2009,Per 1 000 000 inhabitants,858.87
3470,Croatia,Mortality from exposure to ambient PM2.5,2010,Per 1 000 000 inhabitants,839.78
3471,Croatia,Mortality from exposure to ambient PM2.5,2011,Per 1 000 000 inhabitants,819.82
3472,Croatia,Mortality from exposure to ambient PM2.5,2012,Per 1 000 000 inhabitants,807.0
3473,Croatia,Mortality from exposure to ambient PM2.5,2013,Per 1 000 000 inhabitants,773.18
3474,Croatia,Mortality from exposure to ambient PM2.5,2014,Per 1 000 000 inhabitants,774.21
3475,Croatia,Mortality from exposure to ambient PM2.5,2015,Per 1 000 000 inhabitants,798.07
3476,Croatia,Mortality from exposure to ambient PM2.5,2016,Per 1 000 000 inhabitants,725.79
3477,Croatia,Mortality from exposure to ambient PM2.5,2017,Per 1 000 000 inhabitants,716.27
3478,Croatia,Mortality from exposure to ambient PM2.5,2018,Per 1 000 000 inhabitants,725.36
3479,Croatia,Mortality from exposure to ambient PM2.5,2019,Per 1 000 000 inhabitants,743.8
